subject,oddballtype,direction,wordposition,CRP
4,E,Backwards,5,0.0227272727272727
5,E,Backwards,5,0.0526315789473684
6,E,Backwards,5,0.09375
7,E,Backwards,5,0.204081632653061
9,E,Backwards,5,0.09375
10,E,Backwards,5,0.0869565217391304
11,E,Backwards,5,0.176470588235294
12,E,Backwards,5,0.0833333333333333
14,E,Backwards,5,0.145454545454545
15,E,Backwards,5,0.152542372881356
16,E,Backwards,5,0.153846153846154
17,E,Backwards,5,0.0980392156862745
18,E,Backwards,5,0.12280701754386
19,E,Backwards,5,0.025
20,E,Backwards,5,0.087719298245614
21,E,Backwards,5,0.0483870967741935
22,E,Backwards,5,0.1875
23,E,Backwards,5,0.137931034482759
24,E,Backwards,5,0.0689655172413793
25,E,Backwards,5,0.137254901960784
26,E,Backwards,5,0.0666666666666667
27,E,Backwards,5,0.125
28,E,Backwards,5,0.0491803278688525
29,E,Backwards,5,0.0847457627118644
30,E,Backwards,5,0.0833333333333333
31,E,Backwards,5,0.12962962962963
32,E,Backwards,5,0.12962962962963
33,E,Backwards,5,0.122448979591837
34,E,Backwards,5,0.144736842105263
35,E,Backwards,5,0.0833333333333333
36,E,Backwards,5,0.0961538461538462
37,E,Backwards,5,0.178571428571429
38,E,Backwards,5,0.12
39,E,Backwards,5,0.147540983606557
40,E,Backwards,5,0.115384615384615
41,E,Backwards,5,0.0555555555555556
42,E,Backwards,5,0.0857142857142857
43,E,Backwards,5,0.105263157894737
44,E,Backwards,5,0.172413793103448
45,E,Backwards,5,0.0555555555555556
46,E,Backwards,5,0.037037037037037
47,E,Backwards,5,0.1
48,E,Backwards,5,0.127659574468085
49,E,Backwards,5,0.145454545454545
50,E,Backwards,5,0.14
51,E,Backwards,5,0.109375
52,E,Backwards,5,0.0851063829787234
53,E,Backwards,5,0.0810810810810811
54,E,Backwards,5,0.0476190476190476
55,E,Backwards,5,0.161764705882353
56,E,Backwards,5,0.111111111111111
57,E,Backwards,5,0.125
58,E,Backwards,5,0.027027027027027
59,E,Backwards,5,0.0612244897959184
60,E,Backwards,5,0.0784313725490196
61,E,Backwards,5,0.0416666666666667
62,E,Backwards,5,0.16
63,E,Backwards,5,0.108695652173913
64,E,Backwards,5,0.0793650793650794
65,E,Backwards,5,0.108108108108108
66,E,Backwards,5,0.0416666666666667
67,E,Backwards,5,0.08
68,E,Backwards,5,0.111111111111111
69,E,Backwards,5,0.05
70,E,Backwards,5,0.0888888888888889
71,E,Backwards,5,0.128205128205128
72,E,Backwards,5,0.142857142857143
73,E,Backwards,5,0.0697674418604651
74,E,Backwards,5,0.05
75,E,Backwards,5,0.214285714285714
4,E,Backwards,4,0.0909090909090909
5,E,Backwards,4,0.0327868852459016
6,E,Backwards,4,0.0461538461538462
7,E,Backwards,4,0.161290322580645
9,E,Backwards,4,0.0806451612903226
10,E,Backwards,4,0.0379746835443038
11,E,Backwards,4,0.140350877192982
12,E,Backwards,4,0.08
14,E,Backwards,4,0.0967741935483871
15,E,Backwards,4,0.0967741935483871
16,E,Backwards,4,0.0714285714285714
17,E,Backwards,4,0.0178571428571429
18,E,Backwards,4,0.0677966101694915
19,E,Backwards,4,0.0454545454545455
20,E,Backwards,4,0.102941176470588
21,E,Backwards,4,0.101449275362319
22,E,Backwards,4,0.104477611940299
23,E,Backwards,4,0.129032258064516
24,E,Backwards,4,0.106060606060606
25,E,Backwards,4,0.15
26,E,Backwards,4,0.0540540540540541
27,E,Backwards,4,0.106060606060606
28,E,Backwards,4,0.0746268656716418
29,E,Backwards,4,0.0862068965517241
30,E,Backwards,4,0.185185185185185
31,E,Backwards,4,0.111111111111111
32,E,Backwards,4,0.0634920634920635
33,E,Backwards,4,0.0689655172413793
34,E,Backwards,4,0.111111111111111
35,E,Backwards,4,0.0847457627118644
36,E,Backwards,4,0.0793650793650794
37,E,Backwards,4,0.0810810810810811
38,E,Backwards,4,0.0833333333333333
39,E,Backwards,4,0.0298507462686567
40,E,Backwards,4,0.125
41,E,Backwards,4,0.0625
42,E,Backwards,4,0.0379746835443038
43,E,Backwards,4,0.1
44,E,Backwards,4,0.114285714285714
45,E,Backwards,4,0.0476190476190476
46,E,Backwards,4,0.101694915254237
47,E,Backwards,4,0.126984126984127
48,E,Backwards,4,0.137254901960784
49,E,Backwards,4,0.087719298245614
50,E,Backwards,4,0.158730158730159
51,E,Backwards,4,0.133333333333333
52,E,Backwards,4,0.142857142857143
53,E,Backwards,4,0.06
54,E,Backwards,4,0.0735294117647059
55,E,Backwards,4,0.0869565217391304
56,E,Backwards,4,0.132075471698113
57,E,Backwards,4,0.106382978723404
58,E,Backwards,4,0.0930232558139535
59,E,Backwards,4,0.0943396226415094
60,E,Backwards,4,0.0185185185185185
61,E,Backwards,4,0.0566037735849057
62,E,Backwards,4,0.129032258064516
63,E,Backwards,4,0.0980392156862745
64,E,Backwards,4,0.0694444444444444
65,E,Backwards,4,0.142857142857143
66,E,Backwards,4,0.0754716981132075
67,E,Backwards,4,0.09375
68,E,Backwards,4,0.0689655172413793
69,E,Backwards,4,0.116666666666667
70,E,Backwards,4,0.0740740740740741
71,E,Backwards,4,0.0975609756097561
72,E,Backwards,4,0.05
73,E,Backwards,4,0.0961538461538462
74,E,Backwards,4,0.037037037037037
75,E,Backwards,4,0.0930232558139535
4,E,Backwards,3,0.0545454545454545
5,E,Backwards,3,0.0555555555555556
6,E,Backwards,3,0.116883116883117
7,E,Backwards,3,0.0714285714285714
9,E,Backwards,3,0.159420289855072
10,E,Backwards,3,0.116883116883117
11,E,Backwards,3,0.0793650793650794
12,E,Backwards,3,0.12962962962963
14,E,Backwards,3,0.144927536231884
15,E,Backwards,3,0.0985915492957746
16,E,Backwards,3,0.0769230769230769
17,E,Backwards,3,0.0333333333333333
18,E,Backwards,3,0.102941176470588
19,E,Backwards,3,0.0909090909090909
20,E,Backwards,3,0.177215189873418
21,E,Backwards,3,0.0563380281690141
22,E,Backwards,3,0.0615384615384615
23,E,Backwards,3,0.135135135135135
24,E,Backwards,3,0.114285714285714
25,E,Backwards,3,0.09375
26,E,Backwards,3,0.195121951219512
27,E,Backwards,3,0.0649350649350649
28,E,Backwards,3,0.0845070422535211
29,E,Backwards,3,0.1
30,E,Backwards,3,0.0701754385964912
31,E,Backwards,3,0.0857142857142857
32,E,Backwards,3,0.115384615384615
33,E,Backwards,3,0.0634920634920635
34,E,Backwards,3,0.0789473684210526
35,E,Backwards,3,0.121212121212121
36,E,Backwards,3,0.111111111111111
37,E,Backwards,3,0.128571428571429
38,E,Backwards,3,0.0126582278481013
39,E,Backwards,3,0.0714285714285714
40,E,Backwards,3,0.186666666666667
41,E,Backwards,3,0.0909090909090909
42,E,Backwards,3,0.0864197530864197
43,E,Backwards,3,0.0909090909090909
44,E,Backwards,3,0.153846153846154
45,E,Backwards,3,0.0606060606060606
46,E,Backwards,3,0.0746268656716418
47,E,Backwards,3,0.125
48,E,Backwards,3,0.0923076923076923
49,E,Backwards,3,0.0821917808219178
50,E,Backwards,3,0.119402985074627
51,E,Backwards,3,0.136986301369863
52,E,Backwards,3,0.0983606557377049
53,E,Backwards,3,0.105263157894737
54,E,Backwards,3,0.0823529411764706
55,E,Backwards,3,0.0675675675675676
56,E,Backwards,3,0.0172413793103448
57,E,Backwards,3,0.0444444444444444
58,E,Backwards,3,0.0851063829787234
59,E,Backwards,3,0.112676056338028
60,E,Backwards,3,0.126984126984127
61,E,Backwards,3,0.0983606557377049
62,E,Backwards,3,0.0285714285714286
63,E,Backwards,3,0.158730158730159
64,E,Backwards,3,0.1125
65,E,Backwards,3,0.122448979591837
66,E,Backwards,3,0.0806451612903226
67,E,Backwards,3,0.12987012987013
68,E,Backwards,3,0.0483870967741935
69,E,Backwards,3,0.112676056338028
70,E,Backwards,3,0.0327868852459016
71,E,Backwards,3,0.148936170212766
72,E,Backwards,3,0.122448979591837
73,E,Backwards,3,0.155172413793103
74,E,Backwards,3,0.0967741935483871
75,E,Backwards,3,0.111111111111111
4,E,Backwards,2,0.0892857142857143
5,E,Backwards,2,0.0833333333333333
6,E,Backwards,2,0.180722891566265
7,E,Backwards,2,0.0864197530864197
9,E,Backwards,2,0.0958904109589041
10,E,Backwards,2,0.0609756097560976
11,E,Backwards,2,0.08
12,E,Backwards,2,0.0597014925373134
14,E,Backwards,2,0.103896103896104
15,E,Backwards,2,0.155844155844156
16,E,Backwards,2,0.107142857142857
17,E,Backwards,2,0.0757575757575758
18,E,Backwards,2,0.136363636363636
19,E,Backwards,2,0.1
20,E,Backwards,2,0.0975609756097561
21,E,Backwards,2,0.0886075949367089
22,E,Backwards,2,0.121621621621622
23,E,Backwards,2,0.186046511627907
24,E,Backwards,2,0.108108108108108
25,E,Backwards,2,0.0704225352112676
26,E,Backwards,2,0.163265306122449
27,E,Backwards,2,0.136363636363636
28,E,Backwards,2,0.0434782608695652
29,E,Backwards,2,0.112903225806452
30,E,Backwards,2,0.0746268656716418
31,E,Backwards,2,0.0675675675675676
32,E,Backwards,2,0.116279069767442
33,E,Backwards,2,0.0746268656716418
34,E,Backwards,2,0.115789473684211
35,E,Backwards,2,0.0985915492957746
36,E,Backwards,2,0.0958904109589041
37,E,Backwards,2,0.072289156626506
38,E,Backwards,2,0.119047619047619
39,E,Backwards,2,0.111111111111111
40,E,Backwards,2,0.0769230769230769
41,E,Backwards,2,0.10958904109589
42,E,Backwards,2,0.115789473684211
43,E,Backwards,2,0.151898734177215
44,E,Backwards,2,0.0943396226415094
45,E,Backwards,2,0.125
46,E,Backwards,2,0.0512820512820513
47,E,Backwards,2,0.115942028985507
48,E,Backwards,2,0.0819672131147541
49,E,Backwards,2,0.105263157894737
50,E,Backwards,2,0.113924050632911
51,E,Backwards,2,0.107142857142857
52,E,Backwards,2,0.112903225806452
53,E,Backwards,2,0.215384615384615
54,E,Backwards,2,0.10989010989011
55,E,Backwards,2,0.075
56,E,Backwards,2,0.0909090909090909
57,E,Backwards,2,0.0769230769230769
58,E,Backwards,2,0.0740740740740741
59,E,Backwards,2,0.0694444444444444
60,E,Backwards,2,0.125
61,E,Backwards,2,0.0857142857142857
62,E,Backwards,2,0.162790697674419
63,E,Backwards,2,0.0684931506849315
64,E,Backwards,2,0.103896103896104
65,E,Backwards,2,0.111111111111111
66,E,Backwards,2,0.107692307692308
67,E,Backwards,2,0.19047619047619
68,E,Backwards,2,0.126760563380282
69,E,Backwards,2,0.0987654320987654
70,E,Backwards,2,0.0735294117647059
71,E,Backwards,2,0.102040816326531
72,E,Backwards,2,0.102040816326531
73,E,Backwards,2,0.0307692307692308
74,E,Backwards,2,0.138888888888889
75,E,Backwards,2,0.0967741935483871
4,E,Backwards,1,0.127272727272727
5,E,Backwards,1,0.293333333333333
6,E,Backwards,1,0.113636363636364
7,E,Backwards,1,0.210526315789474
9,E,Backwards,1,0.138888888888889
10,E,Backwards,1,0.146067415730337
11,E,Backwards,1,0.164705882352941
12,E,Backwards,1,0.138888888888889
14,E,Backwards,1,0.164835164835165
15,E,Backwards,1,0.151162790697674
16,E,Backwards,1,0.0625
17,E,Backwards,1,0.112676056338028
18,E,Backwards,1,0.0740740740740741
19,E,Backwards,1,0.0909090909090909
20,E,Backwards,1,0.103448275862069
21,E,Backwards,1,0.0963855421686747
22,E,Backwards,1,0.125
23,E,Backwards,1,0.111111111111111
24,E,Backwards,1,0.0740740740740741
25,E,Backwards,1,0.0975609756097561
26,E,Backwards,1,0.0392156862745098
27,E,Backwards,1,0.134831460674157
28,E,Backwards,1,0.197368421052632
29,E,Backwards,1,0.0634920634920635
30,E,Backwards,1,0.0985915492957746
31,E,Backwards,1,0.123456790123457
32,E,Backwards,1,0.211764705882353
33,E,Backwards,1,0.0597014925373134
34,E,Backwards,1,0.123595505617978
35,E,Backwards,1,0.216867469879518
36,E,Backwards,1,0.117647058823529
37,E,Backwards,1,0.0588235294117647
38,E,Backwards,1,0.125
39,E,Backwards,1,0.0666666666666667
40,E,Backwards,1,0.151515151515152
41,E,Backwards,1,0.125
42,E,Backwards,1,0.103448275862069
43,E,Backwards,1,0.107142857142857
44,E,Backwards,1,0.120689655172414
45,E,Backwards,1,0.0617283950617284
46,E,Backwards,1,0.128205128205128
47,E,Backwards,1,0.131578947368421
48,E,Backwards,1,0.136363636363636
49,E,Backwards,1,0.119047619047619
50,E,Backwards,1,0.151898734177215
51,E,Backwards,1,0.188888888888889
52,E,Backwards,1,0.150684931506849
53,E,Backwards,1,0.0869565217391304
54,E,Backwards,1,0.134831460674157
55,E,Backwards,1,0.177777777777778
56,E,Backwards,1,0.170731707317073
57,E,Backwards,1,0.2
58,E,Backwards,1,0.241379310344828
59,E,Backwards,1,0.138888888888889
60,E,Backwards,1,0.115942028985507
61,E,Backwards,1,0.09375
62,E,Backwards,1,0.0851063829787234
63,E,Backwards,1,0.139240506329114
64,E,Backwards,1,0.184782608695652
65,E,Backwards,1,0.154929577464789
66,E,Backwards,1,0.119402985074627
67,E,Backwards,1,0.2
68,E,Backwards,1,0.25
69,E,Backwards,1,0.191011235955056
70,E,Backwards,1,0.236842105263158
71,E,Backwards,1,0.0967741935483871
72,E,Backwards,1,0.0983606557377049
73,E,Backwards,1,0.142857142857143
74,E,Backwards,1,0.153846153846154
75,E,Backwards,1,0.149253731343284
4,E,Forwards,1,0.256756756756757
5,E,Forwards,1,0.203389830508475
6,E,Forwards,1,0.0842105263157895
7,E,Forwards,1,0.247311827956989
9,E,Forwards,1,0.186813186813187
10,E,Forwards,1,0.138297872340426
11,E,Forwards,1,0.348214285714286
12,E,Forwards,1,0.284313725490196
14,E,Forwards,1,0.19047619047619
15,E,Forwards,1,0.134020618556701
16,E,Forwards,1,0.216867469879518
17,E,Forwards,1,0.184782608695652
18,E,Forwards,1,0.18
19,E,Forwards,1,0.195121951219512
20,E,Forwards,1,0.162790697674419
21,E,Forwards,1,0.216494845360825
22,E,Forwards,1,0.203389830508475
23,E,Forwards,1,0.254237288135593
24,E,Forwards,1,0.108108108108108
25,E,Forwards,1,0.131578947368421
26,E,Forwards,1,0.142857142857143
27,E,Forwards,1,0.15
28,E,Forwards,1,0.0886075949367089
29,E,Forwards,1,0.128571428571429
30,E,Forwards,1,0.0714285714285714
31,E,Forwards,1,0.125
32,E,Forwards,1,0.12621359223301
33,E,Forwards,1,0.174418604651163
34,E,Forwards,1,0.123711340206186
35,E,Forwards,1,0.217821782178218
36,E,Forwards,1,0.126315789473684
37,E,Forwards,1,0.153061224489796
38,E,Forwards,1,0.204819277108434
39,E,Forwards,1,0.235849056603774
40,E,Forwards,1,0.105769230769231
41,E,Forwards,1,0.152941176470588
42,E,Forwards,1,0.276595744680851
43,E,Forwards,1,0.170454545454545
44,E,Forwards,1,0.333333333333333
45,E,Forwards,1,0.109756097560976
46,E,Forwards,1,0.217391304347826
47,E,Forwards,1,0.0547945205479452
48,E,Forwards,1,0.136986301369863
49,E,Forwards,1,0.157894736842105
50,E,Forwards,1,0.21875
51,E,Forwards,1,0.15625
52,E,Forwards,1,0.142857142857143
53,E,Forwards,1,0.154761904761905
54,E,Forwards,1,0.212765957446809
55,E,Forwards,1,0.108433734939759
56,E,Forwards,1,0.10126582278481
57,E,Forwards,1,0.0943396226415094
58,E,Forwards,1,0.131147540983607
59,E,Forwards,1,0.188888888888889
60,E,Forwards,1,0.138888888888889
61,E,Forwards,1,0.168831168831169
62,E,Forwards,1,0.405063291139241
63,E,Forwards,1,0.213592233009709
64,E,Forwards,1,0.21875
65,E,Forwards,1,0.119047619047619
66,E,Forwards,1,0.169014084507042
67,E,Forwards,1,0.130952380952381
68,E,Forwards,1,0.144578313253012
69,E,Forwards,1,0.074468085106383
70,E,Forwards,1,0.151515151515152
71,E,Forwards,1,0.11864406779661
72,E,Forwards,1,0.148148148148148
73,E,Forwards,1,0.3
74,E,Forwards,1,0.26
75,E,Forwards,1,0.302083333333333
4,E,Forwards,2,0.0606060606060606
5,E,Forwards,2,0.107142857142857
6,E,Forwards,2,0.1375
7,E,Forwards,2,0.0795454545454545
9,E,Forwards,2,0.0697674418604651
10,E,Forwards,2,0.109756097560976
11,E,Forwards,2,0.126126126126126
12,E,Forwards,2,0.171717171717172
14,E,Forwards,2,0.157407407407407
15,E,Forwards,2,0.126436781609195
16,E,Forwards,2,0.113924050632911
17,E,Forwards,2,0.176470588235294
18,E,Forwards,2,0.144329896907216
19,E,Forwards,2,0.153846153846154
20,E,Forwards,2,0.0394736842105263
21,E,Forwards,2,0.154761904761905
22,E,Forwards,2,0.109090909090909
23,E,Forwards,2,0.0727272727272727
24,E,Forwards,2,0.123287671232877
25,E,Forwards,2,0.0666666666666667
26,E,Forwards,2,0.0784313725490196
27,E,Forwards,2,0.0989010989010989
28,E,Forwards,2,0.177215189873418
29,E,Forwards,2,0.109375
30,E,Forwards,2,0.153846153846154
31,E,Forwards,2,0.0987654320987654
32,E,Forwards,2,0.11340206185567
33,E,Forwards,2,0.0921052631578947
34,E,Forwards,2,0.0919540229885057
35,E,Forwards,2,0.175257731958763
36,E,Forwards,2,0.117021276595745
37,E,Forwards,2,0.0898876404494382
38,E,Forwards,2,0.0779220779220779
39,E,Forwards,2,0.112244897959184
40,E,Forwards,2,0.122448979591837
41,E,Forwards,2,0.121951219512195
42,E,Forwards,2,0.0506329113924051
43,E,Forwards,2,0.104651162790698
44,E,Forwards,2,0.103448275862069
45,E,Forwards,2,0.08
46,E,Forwards,2,0.111111111111111
47,E,Forwards,2,0.0384615384615385
48,E,Forwards,2,0.175675675675676
49,E,Forwards,2,0.107142857142857
50,E,Forwards,2,0.102272727272727
51,E,Forwards,2,0.141304347826087
52,E,Forwards,2,0.0735294117647059
53,E,Forwards,2,0.0759493670886076
54,E,Forwards,2,0.159090909090909
55,E,Forwards,2,0.129411764705882
56,E,Forwards,2,0.116883116883117
57,E,Forwards,2,0.0833333333333333
58,E,Forwards,2,0.135593220338983
59,E,Forwards,2,0.0919540229885057
60,E,Forwards,2,0.046875
61,E,Forwards,2,0.0454545454545455
62,E,Forwards,2,0.152777777777778
63,E,Forwards,2,0.116504854368932
64,E,Forwards,2,0.131313131313131
65,E,Forwards,2,0.102564102564103
66,E,Forwards,2,0.0857142857142857
67,E,Forwards,2,0.127906976744186
68,E,Forwards,2,0.10126582278481
69,E,Forwards,2,0.122448979591837
70,E,Forwards,2,0.107692307692308
71,E,Forwards,2,0.0701754385964912
72,E,Forwards,2,0.126582278481013
73,E,Forwards,2,0.103092783505155
74,E,Forwards,2,0.0784313725490196
75,E,Forwards,2,0.0879120879120879
4,E,Forwards,3,0.1
5,E,Forwards,3,0.0612244897959184
6,E,Forwards,3,0.123456790123457
7,E,Forwards,3,0.127906976744186
9,E,Forwards,3,0.0540540540540541
10,E,Forwards,3,0.142857142857143
11,E,Forwards,3,0.10377358490566
12,E,Forwards,3,0.0729166666666667
14,E,Forwards,3,0.0957446808510638
15,E,Forwards,3,0.104651162790698
16,E,Forwards,3,0.126582278481013
17,E,Forwards,3,0.0897435897435897
18,E,Forwards,3,0.0674157303370786
19,E,Forwards,3,0.128571428571429
20,E,Forwards,3,0.0857142857142857
21,E,Forwards,3,0.0987654320987654
22,E,Forwards,3,0.0666666666666667
23,E,Forwards,3,0.156862745098039
24,E,Forwards,3,0.101694915254237
25,E,Forwards,3,0.0579710144927536
26,E,Forwards,3,0.0980392156862745
27,E,Forwards,3,0.120481927710843
28,E,Forwards,3,0.104477611940299
29,E,Forwards,3,0.127272727272727
30,E,Forwards,3,0.169491525423729
31,E,Forwards,3,0.1125
32,E,Forwards,3,0.0952380952380952
33,E,Forwards,3,0.0746268656716418
34,E,Forwards,3,0.108433734939759
35,E,Forwards,3,0.0967741935483871
36,E,Forwards,3,0.0888888888888889
37,E,Forwards,3,0.154761904761905
38,E,Forwards,3,0.0540540540540541
39,E,Forwards,3,0.142857142857143
40,E,Forwards,3,0.0927835051546392
41,E,Forwards,3,0.128571428571429
42,E,Forwards,3,0.113924050632911
43,E,Forwards,3,0.0921052631578947
44,E,Forwards,3,0.104651162790698
45,E,Forwards,3,0.0563380281690141
46,E,Forwards,3,0.0731707317073171
47,E,Forwards,3,0.1
48,E,Forwards,3,0
49,E,Forwards,3,0.10126582278481
50,E,Forwards,3,0.139240506329114
51,E,Forwards,3,0.0465116279069767
52,E,Forwards,3,0.0769230769230769
53,E,Forwards,3,0.0379746835443038
54,E,Forwards,3,0.0379746835443038
55,E,Forwards,3,0.0810810810810811
56,E,Forwards,3,0.15
57,E,Forwards,3,0.0652173913043478
58,E,Forwards,3,0.0701754385964912
59,E,Forwards,3,0.0384615384615385
60,E,Forwards,3,0.0615384615384615
61,E,Forwards,3,0.0689655172413793
62,E,Forwards,3,0.0845070422535211
63,E,Forwards,3,0.123711340206186
64,E,Forwards,3,0.0978260869565217
65,E,Forwards,3,0.0740740740740741
66,E,Forwards,3,0.104477611940299
67,E,Forwards,3,0.0843373493975904
68,E,Forwards,3,0.120481927710843
69,E,Forwards,3,0.125
70,E,Forwards,3,0.0483870967741935
71,E,Forwards,3,0.142857142857143
72,E,Forwards,3,0.0789473684210526
73,E,Forwards,3,0.0795454545454545
74,E,Forwards,3,0.0833333333333333
75,E,Forwards,3,0.0588235294117647
4,E,Forwards,4,0.0769230769230769
5,E,Forwards,4,0.192307692307692
6,E,Forwards,4,0.136986301369863
7,E,Forwards,4,0.0394736842105263
9,E,Forwards,4,0.10958904109589
10,E,Forwards,4,0.101449275362319
11,E,Forwards,4,0.14
12,E,Forwards,4,0.0813953488372093
14,E,Forwards,4,0.0348837209302326
15,E,Forwards,4,0.106666666666667
16,E,Forwards,4,0.12987012987013
17,E,Forwards,4,0.152777777777778
18,E,Forwards,4,0.111111111111111
19,E,Forwards,4,0.159420289855072
20,E,Forwards,4,0.0882352941176471
21,E,Forwards,4,0.0606060606060606
22,E,Forwards,4,0.120879120879121
23,E,Forwards,4,0.0816326530612245
24,E,Forwards,4,0.107142857142857
25,E,Forwards,4,0.05
26,E,Forwards,4,0.0212765957446809
27,E,Forwards,4,0.126582278481013
28,E,Forwards,4,0.109090909090909
29,E,Forwards,4,0.0652173913043478
30,E,Forwards,4,0.111111111111111
31,E,Forwards,4,0.169230769230769
32,E,Forwards,4,0.0632911392405063
33,E,Forwards,4,0.0714285714285714
34,E,Forwards,4,0.0571428571428571
35,E,Forwards,4,0.1
36,E,Forwards,4,0.0617283950617284
37,E,Forwards,4,0.0684931506849315
38,E,Forwards,4,0.0895522388059701
39,E,Forwards,4,0.0666666666666667
40,E,Forwards,4,0.155555555555556
41,E,Forwards,4,0.0793650793650794
42,E,Forwards,4,0.150684931506849
43,E,Forwards,4,0.171428571428571
44,E,Forwards,4,0.0581395348837209
45,E,Forwards,4,0.181818181818182
46,E,Forwards,4,0.142857142857143
47,E,Forwards,4,0.0769230769230769
48,E,Forwards,4,0.0943396226415094
49,E,Forwards,4,0.0958904109589041
50,E,Forwards,4,0.0273972602739726
51,E,Forwards,4,0.0779220779220779
52,E,Forwards,4,0.0769230769230769
53,E,Forwards,4,0.0410958904109589
54,E,Forwards,4,0.0958904109589041
55,E,Forwards,4,0.116666666666667
56,E,Forwards,4,0.138461538461538
57,E,Forwards,4,0.0731707317073171
58,E,Forwards,4,0.0925925925925926
59,E,Forwards,4,0.0897435897435897
60,E,Forwards,4,0.0655737704918033
61,E,Forwards,4,0.0819672131147541
62,E,Forwards,4,0.0294117647058824
63,E,Forwards,4,0.0537634408602151
64,E,Forwards,4,0.0952380952380952
65,E,Forwards,4,0.08
66,E,Forwards,4,0.03125
67,E,Forwards,4,0.037037037037037
68,E,Forwards,4,0.0133333333333333
69,E,Forwards,4,0.114942528735632
70,E,Forwards,4,0.0535714285714286
71,E,Forwards,4,0.02
72,E,Forwards,4,0.0897435897435897
73,E,Forwards,4,0.0853658536585366
74,E,Forwards,4,0.122448979591837
75,E,Forwards,4,0.0843373493975904
4,E,Forwards,5,0.0925925925925926
5,E,Forwards,5,0.0416666666666667
6,E,Forwards,5,0.0158730158730159
7,E,Forwards,5,0.072463768115942
9,E,Forwards,5,0.115942028985507
10,E,Forwards,5,0.155172413793103
11,E,Forwards,5,0.0795454545454545
12,E,Forwards,5,0.04
14,E,Forwards,5,0.0352941176470588
15,E,Forwards,5,0.0273972602739726
16,E,Forwards,5,0.0833333333333333
17,E,Forwards,5,0.0895522388059701
18,E,Forwards,5,0.0833333333333333
19,E,Forwards,5,0.078125
20,E,Forwards,5,0.0819672131147541
21,E,Forwards,5,0.0923076923076923
22,E,Forwards,5,0.0786516853932584
23,E,Forwards,5,0.0454545454545455
24,E,Forwards,5,0.0196078431372549
25,E,Forwards,5,0.0925925925925926
26,E,Forwards,5,0.0869565217391304
27,E,Forwards,5,0.117647058823529
28,E,Forwards,5,0.153846153846154
29,E,Forwards,5,0.0512820512820513
30,E,Forwards,5,0.137254901960784
31,E,Forwards,5,0.0819672131147541
32,E,Forwards,5,0.0779220779220779
33,E,Forwards,5,0.0967741935483871
34,E,Forwards,5,0.126984126984127
35,E,Forwards,5,0.0875
36,E,Forwards,5,0.0810810810810811
37,E,Forwards,5,0.112903225806452
38,E,Forwards,5,0.0816326530612245
39,E,Forwards,5,0.10958904109589
40,E,Forwards,5,0.129411764705882
41,E,Forwards,5,0.121212121212121
42,E,Forwards,5,0.111111111111111
43,E,Forwards,5,0.121212121212121
44,E,Forwards,5,0.0897435897435897
45,E,Forwards,5,0.0833333333333333
46,E,Forwards,5,0.0675675675675676
47,E,Forwards,5,0.0943396226415094
48,E,Forwards,5,0.0869565217391304
49,E,Forwards,5,0.078125
50,E,Forwards,5,0.117647058823529
51,E,Forwards,5,0.0833333333333333
52,E,Forwards,5,0.107142857142857
53,E,Forwards,5,0.0810810810810811
54,E,Forwards,5,0.123076923076923
55,E,Forwards,5,0.0392156862745098
56,E,Forwards,5,0.0769230769230769
57,E,Forwards,5,0.0975609756097561
58,E,Forwards,5,0.0576923076923077
59,E,Forwards,5,0.10958904109589
60,E,Forwards,5,0.0652173913043478
61,E,Forwards,5,0.0754716981132075
62,E,Forwards,5,0.0447761194029851
63,E,Forwards,5,0.0975609756097561
64,E,Forwards,5,0.0657894736842105
65,E,Forwards,5,0.0422535211267606
66,E,Forwards,5,0.0655737704918033
67,E,Forwards,5,0.0675675675675676
68,E,Forwards,5,0.101449275362319
69,E,Forwards,5,0.0789473684210526
70,E,Forwards,5,0.111111111111111
71,E,Forwards,5,0.0652173913043478
72,E,Forwards,5,0.0869565217391304
73,E,Forwards,5,0.0526315789473684
74,E,Forwards,5,0
75,E,Forwards,5,0.0657894736842105
4,P,Backwards,5,0.04
5,P,Backwards,5,0.0333333333333333
6,P,Backwards,5,0.0833333333333333
7,P,Backwards,5,0.0972222222222222
9,P,Backwards,5,0.107142857142857
10,P,Backwards,5,0.148148148148148
11,P,Backwards,5,0.135593220338983
12,P,Backwards,5,0.0425531914893617
14,P,Backwards,5,0.0869565217391304
15,P,Backwards,5,0.148936170212766
16,P,Backwards,5,0.0612244897959184
17,P,Backwards,5,0.0666666666666667
18,P,Backwards,5,0.142857142857143
19,P,Backwards,5,0.140625
20,P,Backwards,5,0.0615384615384615
21,P,Backwards,5,0.03125
22,P,Backwards,5,0.16
23,P,Backwards,5,0.1
24,P,Backwards,5,0.0566037735849057
25,P,Backwards,5,0.0588235294117647
26,P,Backwards,5,0.0714285714285714
27,P,Backwards,5,0.137931034482759
28,P,Backwards,5,0.0727272727272727
29,P,Backwards,5,0.08
30,P,Backwards,5,0.046875
31,P,Backwards,5,0.11864406779661
32,P,Backwards,5,0.169811320754717
33,P,Backwards,5,0.05
34,P,Backwards,5,0.0526315789473684
35,P,Backwards,5,0.135593220338983
36,P,Backwards,5,0.126984126984127
37,P,Backwards,5,0.112676056338028
38,P,Backwards,5,0.132352941176471
39,P,Backwards,5,0.0327868852459016
40,P,Backwards,5,0.155172413793103
41,P,Backwards,5,0.117647058823529
42,P,Backwards,5,0.0746268656716418
43,P,Backwards,5,0.0533333333333333
44,P,Backwards,5,0.106382978723404
45,P,Backwards,5,0.112903225806452
46,P,Backwards,5,0.0909090909090909
47,P,Backwards,5,0.0535714285714286
48,P,Backwards,5,0.0625
49,P,Backwards,5,0.1
50,P,Backwards,5,0.152173913043478
51,P,Backwards,5,0.119402985074627
52,P,Backwards,5,0.135593220338983
53,P,Backwards,5,0.157894736842105
54,P,Backwards,5,0.09375
55,P,Backwards,5,0.161764705882353
56,P,Backwards,5,0.121212121212121
57,P,Backwards,5,0.06
58,P,Backwards,5,0.0769230769230769
59,P,Backwards,5,0.0681818181818182
60,P,Backwards,5,0.108695652173913
61,P,Backwards,5,0.0961538461538462
62,P,Backwards,5,0.0816326530612245
63,P,Backwards,5,0.0862068965517241
64,P,Backwards,5,0.0769230769230769
65,P,Backwards,5,0.116666666666667
66,P,Backwards,5,0.123076923076923
67,P,Backwards,5,0.0961538461538462
68,P,Backwards,5,0.127659574468085
69,P,Backwards,5,0.0862068965517241
70,P,Backwards,5,0.0384615384615385
71,P,Backwards,5,0.125
72,P,Backwards,5,0.130434782608696
73,P,Backwards,5,0.0909090909090909
74,P,Backwards,5,0.05
75,P,Backwards,5,0.102040816326531
4,P,Backwards,4,0.0862068965517241
5,P,Backwards,4,0.0625
6,P,Backwards,4,0.112676056338028
7,P,Backwards,4,0.102941176470588
9,P,Backwards,4,0.0909090909090909
10,P,Backwards,4,0.103448275862069
11,P,Backwards,4,0.0655737704918033
12,P,Backwards,4,0.104166666666667
14,P,Backwards,4,0.166666666666667
15,P,Backwards,4,0.0535714285714286
16,P,Backwards,4,0.148148148148148
17,P,Backwards,4,0.0307692307692308
18,P,Backwards,4,0.0491803278688525
19,P,Backwards,4,0.106060606060606
20,P,Backwards,4,0.0285714285714286
21,P,Backwards,4,0.0666666666666667
22,P,Backwards,4,0.112903225806452
23,P,Backwards,4,0.133333333333333
24,P,Backwards,4,0.1
25,P,Backwards,4,0.101694915254237
26,P,Backwards,4,0.0178571428571429
27,P,Backwards,4,0.229508196721311
28,P,Backwards,4,0.0357142857142857
29,P,Backwards,4,0.0727272727272727
30,P,Backwards,4,0.0845070422535211
31,P,Backwards,4,0.164383561643836
32,P,Backwards,4,0.1875
33,P,Backwards,4,0.0958904109589041
34,P,Backwards,4,0.0641025641025641
35,P,Backwards,4,0.046875
36,P,Backwards,4,0.123076923076923
37,P,Backwards,4,0.0434782608695652
38,P,Backwards,4,0.0921052631578947
39,P,Backwards,4,0.0735294117647059
40,P,Backwards,4,0.130434782608696
41,P,Backwards,4,0.145454545454545
42,P,Backwards,4,0.0555555555555556
43,P,Backwards,4,0.113924050632911
44,P,Backwards,4,0.0784313725490196
45,P,Backwards,4,0.0769230769230769
46,P,Backwards,4,0.108108108108108
47,P,Backwards,4,0.0476190476190476
48,P,Backwards,4,0.0508474576271186
49,P,Backwards,4,0.188679245283019
50,P,Backwards,4,0.122448979591837
51,P,Backwards,4,0.0602409638554217
52,P,Backwards,4,0.136363636363636
53,P,Backwards,4,0.0606060606060606
54,P,Backwards,4,0.078125
55,P,Backwards,4,0.103896103896104
56,P,Backwards,4,0.0821917808219178
57,P,Backwards,4,0.0377358490566038
58,P,Backwards,4,0.0517241379310345
59,P,Backwards,4,0.130434782608696
60,P,Backwards,4,0.127659574468085
61,P,Backwards,4,0.0645161290322581
62,P,Backwards,4,0.105263157894737
63,P,Backwards,4,0.0746268656716418
64,P,Backwards,4,0.0923076923076923
65,P,Backwards,4,0.17741935483871
66,P,Backwards,4,0.113924050632911
67,P,Backwards,4,0.101449275362319
68,P,Backwards,4,0.0892857142857143
69,P,Backwards,4,0.0806451612903226
70,P,Backwards,4,0.087719298245614
71,P,Backwards,4,0.0408163265306122
72,P,Backwards,4,0.0392156862745098
73,P,Backwards,4,0.146341463414634
74,P,Backwards,4,0.0208333333333333
75,P,Backwards,4,0.078125
4,P,Backwards,3,0.0158730158730159
5,P,Backwards,3,0.0649350649350649
6,P,Backwards,3,0.148648648648649
7,P,Backwards,3,0.075
9,P,Backwards,3,0.0845070422535211
10,P,Backwards,3,0.0769230769230769
11,P,Backwards,3,0.0714285714285714
12,P,Backwards,3,0.181818181818182
14,P,Backwards,3,0.0714285714285714
15,P,Backwards,3,0.205882352941176
16,P,Backwards,3,0.0892857142857143
17,P,Backwards,3,0.0972222222222222
18,P,Backwards,3,0.154929577464789
19,P,Backwards,3,0.10126582278481
20,P,Backwards,3,0.0547945205479452
21,P,Backwards,3,0.127906976744186
22,P,Backwards,3,0.121212121212121
23,P,Backwards,3,0.133333333333333
24,P,Backwards,3,0.0923076923076923
25,P,Backwards,3,0.0447761194029851
26,P,Backwards,3,0.0655737704918033
27,P,Backwards,3,0.136363636363636
28,P,Backwards,3,0.140845070422535
29,P,Backwards,3,0.125
30,P,Backwards,3,0.0481927710843374
31,P,Backwards,3,0.0958904109589041
32,P,Backwards,3,0.0895522388059701
33,P,Backwards,3,0.183098591549296
34,P,Backwards,3,0.133333333333333
35,P,Backwards,3,0.106666666666667
36,P,Backwards,3,0.0422535211267606
37,P,Backwards,3,0.170731707317073
38,P,Backwards,3,0.0705882352941176
39,P,Backwards,3,0.164179104477612
40,P,Backwards,3,0.0657894736842105
41,P,Backwards,3,0.101694915254237
42,P,Backwards,3,0.126582278481013
43,P,Backwards,3,0.0930232558139535
44,P,Backwards,3,0.0980392156862745
45,P,Backwards,3,0.104477611940299
46,P,Backwards,3,0.0921052631578947
47,P,Backwards,3,0.0704225352112676
48,P,Backwards,3,0.181818181818182
49,P,Backwards,3,0.130434782608696
50,P,Backwards,3,0.0862068965517241
51,P,Backwards,3,0.0947368421052632
52,P,Backwards,3,0.136986301369863
53,P,Backwards,3,0.111111111111111
54,P,Backwards,3,0.0666666666666667
55,P,Backwards,3,0.135802469135802
56,P,Backwards,3,0.0533333333333333
57,P,Backwards,3,0.0566037735849057
58,P,Backwards,3,0.131147540983607
59,P,Backwards,3,0.115384615384615
60,P,Backwards,3,0.0350877192982456
61,P,Backwards,3,0.0972222222222222
62,P,Backwards,3,0.078125
63,P,Backwards,3,0.0921052631578947
64,P,Backwards,3,0.119402985074627
65,P,Backwards,3,0.128571428571429
66,P,Backwards,3,0.123595505617978
67,P,Backwards,3,0.0972222222222222
68,P,Backwards,3,0.183333333333333
69,P,Backwards,3,0.181818181818182
70,P,Backwards,3,0.0769230769230769
71,P,Backwards,3,0.169491525423729
72,P,Backwards,3,0.183333333333333
73,P,Backwards,3,0.0943396226415094
74,P,Backwards,3,0.0980392156862745
75,P,Backwards,3,0.106666666666667
4,P,Backwards,2,0.109375
5,P,Backwards,2,0.134146341463415
6,P,Backwards,2,0.135802469135802
7,P,Backwards,2,0.131868131868132
9,P,Backwards,2,0.0921052631578947
10,P,Backwards,2,0.0597014925373134
11,P,Backwards,2,0.0897435897435897
12,P,Backwards,2,0.0882352941176471
14,P,Backwards,2,0.178082191780822
15,P,Backwards,2,0.102564102564103
16,P,Backwards,2,0.112903225806452
17,P,Backwards,2,0.123456790123457
18,P,Backwards,2,0.0810810810810811
19,P,Backwards,2,0.0987654320987654
20,P,Backwards,2,0.182926829268293
21,P,Backwards,2,0.0975609756097561
22,P,Backwards,2,0.153846153846154
23,P,Backwards,2,0.157894736842105
24,P,Backwards,2,0.072463768115942
25,P,Backwards,2,0.0810810810810811
26,P,Backwards,2,0.0833333333333333
27,P,Backwards,2,0.103896103896104
28,P,Backwards,2,0.1
29,P,Backwards,2,0.0895522388059701
30,P,Backwards,2,0.146341463414634
31,P,Backwards,2,0.0864197530864197
32,P,Backwards,2,0.108108108108108
33,P,Backwards,2,0.125
34,P,Backwards,2,0.10752688172043
35,P,Backwards,2,0.0641025641025641
36,P,Backwards,2,0.0285714285714286
37,P,Backwards,2,0.0617283950617284
38,P,Backwards,2,0.123595505617978
39,P,Backwards,2,0.0821917808219178
40,P,Backwards,2,0.119047619047619
41,P,Backwards,2,0.0821917808219178
42,P,Backwards,2,0.147368421052632
43,P,Backwards,2,0.129032258064516
44,P,Backwards,2,0.05
45,P,Backwards,2,0.0675675675675676
46,P,Backwards,2,0.113924050632911
47,P,Backwards,2,0.09375
48,P,Backwards,2,0.0666666666666667
49,P,Backwards,2,0.10958904109589
50,P,Backwards,2,0.0923076923076923
51,P,Backwards,2,0.112244897959184
52,P,Backwards,2,0.04
53,P,Backwards,2,0.136986301369863
54,P,Backwards,2,0.174418604651163
55,P,Backwards,2,0.113636363636364
56,P,Backwards,2,0.10126582278481
57,P,Backwards,2,0.0909090909090909
58,P,Backwards,2,0.123076923076923
59,P,Backwards,2,0.109375
60,P,Backwards,2,0.087719298245614
61,P,Backwards,2,0.0897435897435897
62,P,Backwards,2,0.106060606060606
63,P,Backwards,2,0.1625
64,P,Backwards,2,0.10958904109589
65,P,Backwards,2,0.118421052631579
66,P,Backwards,2,0.1
67,P,Backwards,2,0.0875
68,P,Backwards,2,0.164383561643836
69,P,Backwards,2,0.182795698924731
70,P,Backwards,2,0.161290322580645
71,P,Backwards,2,0.0327868852459016
72,P,Backwards,2,0.101449275362319
73,P,Backwards,2,0.166666666666667
74,P,Backwards,2,0.125
75,P,Backwards,2,0.170731707317073
4,P,Backwards,1,0.158730158730159
5,P,Backwards,1,0.1625
6,P,Backwards,1,0.103448275862069
7,P,Backwards,1,0.154639175257732
9,P,Backwards,1,0.144578313253012
10,P,Backwards,1,0.1125
11,P,Backwards,1,0.134831460674157
12,P,Backwards,1,0.135802469135802
14,P,Backwards,1,0.195402298850575
15,P,Backwards,1,0.118421052631579
16,P,Backwards,1,0.138461538461538
17,P,Backwards,1,0.206185567010309
18,P,Backwards,1,0.104166666666667
19,P,Backwards,1,0.101123595505618
20,P,Backwards,1,0.130952380952381
21,P,Backwards,1,0.13953488372093
22,P,Backwards,1,0.137931034482759
23,P,Backwards,1,0.105263157894737
24,P,Backwards,1,0.0779220779220779
25,P,Backwards,1,0.0972222222222222
26,P,Backwards,1,0.12987012987013
27,P,Backwards,1,0.126436781609195
28,P,Backwards,1,0.189873417721519
29,P,Backwards,1,0.147058823529412
30,P,Backwards,1,0.123595505617978
31,P,Backwards,1,0.204819277108434
32,P,Backwards,1,0.0759493670886076
33,P,Backwards,1,0.0697674418604651
34,P,Backwards,1,0.115789473684211
35,P,Backwards,1,0.244897959183673
36,P,Backwards,1,0.155844155844156
37,P,Backwards,1,0.16304347826087
38,P,Backwards,1,0.155555555555556
39,P,Backwards,1,0.114942528735632
40,P,Backwards,1,0.197802197802198
41,P,Backwards,1,0.138888888888889
42,P,Backwards,1,0.138613861386139
43,P,Backwards,1,0.185567010309278
44,P,Backwards,1,0.161290322580645
45,P,Backwards,1,0.051948051948052
46,P,Backwards,1,0.206896551724138
47,P,Backwards,1,0.0952380952380952
48,P,Backwards,1,0.1625
49,P,Backwards,1,0.0684931506849315
50,P,Backwards,1,0.194444444444444
51,P,Backwards,1,0.169642857142857
52,P,Backwards,1,0.218390804597701
53,P,Backwards,1,0.0864197530864197
54,P,Backwards,1,0.0769230769230769
55,P,Backwards,1,0.145833333333333
56,P,Backwards,1,0.161616161616162
57,P,Backwards,1,0.166666666666667
58,P,Backwards,1,0.103896103896104
59,P,Backwards,1,0.189189189189189
60,P,Backwards,1,0.0972222222222222
61,P,Backwards,1,0.0933333333333333
62,P,Backwards,1,0.183098591549296
63,P,Backwards,1,0.204301075268817
64,P,Backwards,1,0.189873417721519
65,P,Backwards,1,0.127659574468085
66,P,Backwards,1,0.216494845360825
67,P,Backwards,1,0.149425287356322
68,P,Backwards,1,0.1
69,P,Backwards,1,0.168316831683168
70,P,Backwards,1,0.169014084507042
71,P,Backwards,1,0.159420289855072
72,P,Backwards,1,0.152941176470588
73,P,Backwards,1,0.215189873417722
74,P,Backwards,1,0.19672131147541
75,P,Backwards,1,0.148148148148148
4,P,Forwards,1,0.151515151515152
5,P,Forwards,1,0.2125
6,P,Forwards,1,0.09375
7,P,Forwards,1,0.142857142857143
9,P,Forwards,1,0.238636363636364
10,P,Forwards,1,0.206521739130435
11,P,Forwards,1,0.245614035087719
12,P,Forwards,1,0.210526315789474
14,P,Forwards,1,0.102040816326531
15,P,Forwards,1,0.252631578947368
16,P,Forwards,1,0.269662921348315
17,P,Forwards,1,0.173913043478261
18,P,Forwards,1,0.0879120879120879
19,P,Forwards,1,0.145631067961165
20,P,Forwards,1,0.125
21,P,Forwards,1,0.191489361702128
22,P,Forwards,1,0.277777777777778
23,P,Forwards,1,0.225806451612903
24,P,Forwards,1,0.148148148148148
25,P,Forwards,1,0.25
26,P,Forwards,1,0.204301075268817
27,P,Forwards,1,0.1625
28,P,Forwards,1,0.130952380952381
29,P,Forwards,1,0.108108108108108
30,P,Forwards,1,0.1
31,P,Forwards,1,0.176470588235294
32,P,Forwards,1,0.183673469387755
33,P,Forwards,1,0.1125
34,P,Forwards,1,0.182692307692308
35,P,Forwards,1,0.194444444444444
36,P,Forwards,1,0.201923076923077
37,P,Forwards,1,0.14
38,P,Forwards,1,0.178571428571429
39,P,Forwards,1,0.126436781609195
40,P,Forwards,1,0.224489795918367
41,P,Forwards,1,0.146067415730337
42,P,Forwards,1,0.171717171717172
43,P,Forwards,1,0.149532710280374
44,P,Forwards,1,0.38
45,P,Forwards,1,0.224719101123595
46,P,Forwards,1,0.172413793103448
47,P,Forwards,1,0.0810810810810811
48,P,Forwards,1,0.0875
49,P,Forwards,1,0.171717171717172
50,P,Forwards,1,0.2
51,P,Forwards,1,0.163636363636364
52,P,Forwards,1,0.0909090909090909
53,P,Forwards,1,0.179775280898876
54,P,Forwards,1,0.155339805825243
55,P,Forwards,1,0.09
56,P,Forwards,1,0.189473684210526
57,P,Forwards,1,0.184615384615385
58,P,Forwards,1,0.12987012987013
59,P,Forwards,1,0.188235294117647
60,P,Forwards,1,0.142857142857143
61,P,Forwards,1,0.130434782608696
62,P,Forwards,1,0.204819277108434
63,P,Forwards,1,0.174311926605505
64,P,Forwards,1,0.244897959183673
65,P,Forwards,1,0.2
66,P,Forwards,1,0.117021276595745
67,P,Forwards,1,0.192660550458716
68,P,Forwards,1,0.245762711864407
69,P,Forwards,1,0.112068965517241
70,P,Forwards,1,0.166666666666667
71,P,Forwards,1,0.123287671232877
72,P,Forwards,1,0.114942528735632
73,P,Forwards,1,0.260162601626016
74,P,Forwards,1,0.134328358208955
75,P,Forwards,1,0.242718446601942
4,P,Forwards,2,0.130434782608696
5,P,Forwards,2,0.0769230769230769
6,P,Forwards,2,0.117647058823529
7,P,Forwards,2,0.179775280898876
9,P,Forwards,2,0.0853658536585366
10,P,Forwards,2,0.175824175824176
11,P,Forwards,2,0.158878504672897
12,P,Forwards,2,0.145833333333333
14,P,Forwards,2,0.11340206185567
15,P,Forwards,2,0.0786516853932584
16,P,Forwards,2,0.164705882352941
17,P,Forwards,2,0.115789473684211
18,P,Forwards,2,0.170212765957447
19,P,Forwards,2,0.099009900990099
20,P,Forwards,2,0.0246913580246914
21,P,Forwards,2,0.122222222222222
22,P,Forwards,2,0.135593220338983
23,P,Forwards,2,0.0740740740740741
24,P,Forwards,2,0.160493827160494
25,P,Forwards,2,0.12
26,P,Forwards,2,0.130434782608696
27,P,Forwards,2,0.08
28,P,Forwards,2,0.08
29,P,Forwards,2,0.0746268656716418
30,P,Forwards,2,0.10126582278481
31,P,Forwards,2,0.0833333333333333
32,P,Forwards,2,0.08
33,P,Forwards,2,0.154929577464789
34,P,Forwards,2,0.127659574468085
35,P,Forwards,2,0.2
36,P,Forwards,2,0.164948453608247
37,P,Forwards,2,0.114583333333333
38,P,Forwards,2,0.0533333333333333
39,P,Forwards,2,0.186046511627907
40,P,Forwards,2,0.161616161616162
41,P,Forwards,2,0.0714285714285714
42,P,Forwards,2,0.161616161616162
43,P,Forwards,2,0.101010101010101
44,P,Forwards,2,0.108695652173913
45,P,Forwards,2,0.115384615384615
46,P,Forwards,2,0.116279069767442
47,P,Forwards,2,0.146666666666667
48,P,Forwards,2,0.112676056338028
49,P,Forwards,2,0.0689655172413793
50,P,Forwards,2,0.105882352941176
51,P,Forwards,2,0.0990990990990991
52,P,Forwards,2,0.0735294117647059
53,P,Forwards,2,0.0987654320987654
54,P,Forwards,2,0.123711340206186
55,P,Forwards,2,0.108910891089109
56,P,Forwards,2,0.131868131868132
57,P,Forwards,2,0.126984126984127
58,P,Forwards,2,0.106666666666667
59,P,Forwards,2,0.0930232558139535
60,P,Forwards,2,0.136986301369863
61,P,Forwards,2,0.0379746835443038
62,P,Forwards,2,0.0779220779220779
63,P,Forwards,2,0.133333333333333
64,P,Forwards,2,0.125
65,P,Forwards,2,0.0934579439252336
66,P,Forwards,2,0.137254901960784
67,P,Forwards,2,0.127450980392157
68,P,Forwards,2,0.0654205607476635
69,P,Forwards,2,0.105769230769231
70,P,Forwards,2,0.164383561643836
71,P,Forwards,2,0.102564102564103
72,P,Forwards,2,0.0963855421686747
73,P,Forwards,2,0.148760330578512
74,P,Forwards,2,0.121212121212121
75,P,Forwards,2,0.0531914893617021
4,P,Forwards,3,0.0634920634920635
5,P,Forwards,3,0.0675675675675676
6,P,Forwards,3,0.0740740740740741
7,P,Forwards,3,0.0804597701149425
9,P,Forwards,3,0.1125
10,P,Forwards,3,0.0641025641025641
11,P,Forwards,3,0.0980392156862745
12,P,Forwards,3,0.0674157303370786
14,P,Forwards,3,0.0978260869565217
15,P,Forwards,3,0.0740740740740741
16,P,Forwards,3,0.121951219512195
17,P,Forwards,3,0.126436781609195
18,P,Forwards,3,0.0978260869565217
19,P,Forwards,3,0.107142857142857
20,P,Forwards,3,0.075
21,P,Forwards,3,0.0533333333333333
22,P,Forwards,3,0.115044247787611
23,P,Forwards,3,0.24
24,P,Forwards,3,0.10958904109589
25,P,Forwards,3,0.0606060606060606
26,P,Forwards,3,0.160493827160494
27,P,Forwards,3,0.0277777777777778
28,P,Forwards,3,0.0845070422535211
29,P,Forwards,3,0.0714285714285714
30,P,Forwards,3,0.0895522388059701
31,P,Forwards,3,0.0978260869565217
32,P,Forwards,3,0.0851063829787234
33,P,Forwards,3,0.128571428571429
34,P,Forwards,3,0.0941176470588235
35,P,Forwards,3,0.0761904761904762
36,P,Forwards,3,0.0888888888888889
37,P,Forwards,3,0.1125
38,P,Forwards,3,0.142857142857143
39,P,Forwards,3,0.115384615384615
40,P,Forwards,3,0.104166666666667
41,P,Forwards,3,0.0909090909090909
42,P,Forwards,3,0.108695652173913
43,P,Forwards,3,0.108433734939759
44,P,Forwards,3,0.102272727272727
45,P,Forwards,3,0.0555555555555556
46,P,Forwards,3,0.108108108108108
47,P,Forwards,3,0.0923076923076923
48,P,Forwards,3,0.0923076923076923
49,P,Forwards,3,0.103896103896104
50,P,Forwards,3,0.136986301369863
51,P,Forwards,3,0.0851063829787234
52,P,Forwards,3,0.0655737704918033
53,P,Forwards,3,0.0987654320987654
54,P,Forwards,3,0.09375
55,P,Forwards,3,0.102272727272727
56,P,Forwards,3,0.0777777777777778
57,P,Forwards,3,0.0344827586206897
58,P,Forwards,3,0.0983606557377049
59,P,Forwards,3,0.134146341463415
60,P,Forwards,3,0.114285714285714
61,P,Forwards,3,0.108108108108108
62,P,Forwards,3,0.0833333333333333
63,P,Forwards,3,0.106796116504854
64,P,Forwards,3,0.0804597701149425
65,P,Forwards,3,0.151515151515152
66,P,Forwards,3,0.0609756097560976
67,P,Forwards,3,0.0804597701149425
68,P,Forwards,3,0.07
69,P,Forwards,3,0.112244897959184
70,P,Forwards,3,0.046875
71,P,Forwards,3,0.0714285714285714
72,P,Forwards,3,0.0821917808219178
73,P,Forwards,3,0.111111111111111
74,P,Forwards,3,0.183333333333333
75,P,Forwards,3,0.0851063829787234
4,P,Forwards,4,0.0980392156862745
5,P,Forwards,4,0.117647058823529
6,P,Forwards,4,0.104477611940299
7,P,Forwards,4,0.0958904109589041
9,P,Forwards,4,0.0972222222222222
10,P,Forwards,4,0.140845070422535
11,P,Forwards,4,0.0869565217391304
12,P,Forwards,4,0.13953488372093
14,P,Forwards,4,0.136363636363636
15,P,Forwards,4,0.1
16,P,Forwards,4,0.0256410256410256
17,P,Forwards,4,0.109756097560976
18,P,Forwards,4,0.103448275862069
19,P,Forwards,4,0.121951219512195
20,P,Forwards,4,0.126760563380282
21,P,Forwards,4,0.131578947368421
22,P,Forwards,4,0.0754716981132075
23,P,Forwards,4,0.0869565217391304
24,P,Forwards,4,0.0615384615384615
25,P,Forwards,4,0.186440677966102
26,P,Forwards,4,0.0410958904109589
27,P,Forwards,4,0.0517241379310345
28,P,Forwards,4,0.153846153846154
29,P,Forwards,4,0.0943396226415094
30,P,Forwards,4,0.0869565217391304
31,P,Forwards,4,0.0253164556962025
32,P,Forwards,4,0.051948051948052
33,P,Forwards,4,0.0338983050847458
34,P,Forwards,4,0.10989010989011
35,P,Forwards,4,0.0824742268041237
36,P,Forwards,4,0.051948051948052
37,P,Forwards,4,0.106666666666667
38,P,Forwards,4,0.137931034482759
39,P,Forwards,4,0.03125
40,P,Forwards,4,0.0879120879120879
41,P,Forwards,4,0.10958904109589
42,P,Forwards,4,0.120481927710843
43,P,Forwards,4,0.115384615384615
44,P,Forwards,4,0.0506329113924051
45,P,Forwards,4,0.0909090909090909
46,P,Forwards,4,0.0441176470588235
47,P,Forwards,4,0.0666666666666667
48,P,Forwards,4,0.104477611940299
49,P,Forwards,4,0.146666666666667
50,P,Forwards,4,0.104477611940299
51,P,Forwards,4,0.0674157303370786
52,P,Forwards,4,0.14
53,P,Forwards,4,0.0933333333333333
54,P,Forwards,4,0.115384615384615
55,P,Forwards,4,0.0649350649350649
56,P,Forwards,4,0.135135135135135
57,P,Forwards,4,0.0377358490566038
58,P,Forwards,4,0.0677966101694915
59,P,Forwards,4,0.038961038961039
60,P,Forwards,4,0.116666666666667
61,P,Forwards,4,0.141025641025641
62,P,Forwards,4,0.0655737704918033
63,P,Forwards,4,0.0860215053763441
64,P,Forwards,4,0.102564102564103
65,P,Forwards,4,0.123595505617978
66,P,Forwards,4,0.0694444444444444
67,P,Forwards,4,0.0823529411764706
68,P,Forwards,4,0.153061224489796
69,P,Forwards,4,0.10377358490566
70,P,Forwards,4,0.109375
71,P,Forwards,4,0.149253731343284
72,P,Forwards,4,0.0759493670886076
73,P,Forwards,4,0.132075471698113
74,P,Forwards,4,0.0566037735849057
75,P,Forwards,4,0.0602409638554217
4,P,Forwards,5,0.153846153846154
5,P,Forwards,5,0.0677966101694915
6,P,Forwards,5,0.102941176470588
7,P,Forwards,5,0.0746268656716418
9,P,Forwards,5,0.0655737704918033
10,P,Forwards,5,0.0806451612903226
11,P,Forwards,5,0.0875
12,P,Forwards,5,0.102564102564103
14,P,Forwards,5,0.0952380952380952
15,P,Forwards,5,0.0958904109589041
16,P,Forwards,5,0.0405405405405405
17,P,Forwards,5,0.0657894736842105
18,P,Forwards,5,0.0740740740740741
19,P,Forwards,5,0.0694444444444444
20,P,Forwards,5,0.107692307692308
21,P,Forwards,5,0.0579710144927536
22,P,Forwards,5,0.103092783505155
23,P,Forwards,5,0.08
24,P,Forwards,5,0.0819672131147541
25,P,Forwards,5,0.037037037037037
26,P,Forwards,5,0.078125
27,P,Forwards,5,0.0806451612903226
28,P,Forwards,5,0.0161290322580645
29,P,Forwards,5,0.06
30,P,Forwards,5,0.0806451612903226
31,P,Forwards,5,0.116883116883117
32,P,Forwards,5,0.0833333333333333
33,P,Forwards,5,0.105263157894737
34,P,Forwards,5,0.106666666666667
35,P,Forwards,5,0.0795454545454545
36,P,Forwards,5,0.0606060606060606
37,P,Forwards,5,0.114754098360656
38,P,Forwards,5,0.0943396226415094
39,P,Forwards,5,0.046875
40,P,Forwards,5,0.0444444444444444
41,P,Forwards,5,0.0869565217391304
42,P,Forwards,5,0.125
43,P,Forwards,5,0.142857142857143
44,P,Forwards,5,0.0821917808219178
45,P,Forwards,5,0.06
46,P,Forwards,5,0.0833333333333333
47,P,Forwards,5,0.0983606557377049
48,P,Forwards,5,0.0833333333333333
49,P,Forwards,5,0.0945945945945946
50,P,Forwards,5,0.0483870967741935
51,P,Forwards,5,0.120481927710843
52,P,Forwards,5,0.0555555555555556
53,P,Forwards,5,0.0597014925373134
54,P,Forwards,5,0.0704225352112676
55,P,Forwards,5,0.0588235294117647
56,P,Forwards,5,0.0909090909090909
57,P,Forwards,5,0.0909090909090909
58,P,Forwards,5,0.105263157894737
59,P,Forwards,5,0.0555555555555556
60,P,Forwards,5,0.0350877192982456
61,P,Forwards,5,0.15625
62,P,Forwards,5,0.0689655172413793
63,P,Forwards,5,0.0574712643678161
64,P,Forwards,5,0.038961038961039
65,P,Forwards,5,0.075
66,P,Forwards,5,0.104477611940299
67,P,Forwards,5,0.10126582278481
68,P,Forwards,5,0.0459770114942529
69,P,Forwards,5,0.0941176470588235
70,P,Forwards,5,0.0689655172413793
71,P,Forwards,5,0.0847457627118644
72,P,Forwards,5,0.0869565217391304
73,P,Forwards,5,0.0576923076923077
74,P,Forwards,5,0.08
75,P,Forwards,5,0.0975609756097561
